Model,Accuracy,Precision,Recall,F1_Score,ROC_AUC
Logistic Regression,0.8933333333333333,0.8020833333333334,0.8555555555555555,0.8279569892473119,0.9642592592592593
Random Forest,0.8733333333333333,0.776595744680851,0.8111111111111111,0.7934782608695652,0.9401190476190476
Gradient Boosting,0.885,0.87248322147651,0.7222222222222222,0.790273556231003,0.9524074074074074
